"vocab","reading","english","my_meaning","example_jp","example_en","example","lesson","section","page","textbook"
"低める","ひくめる","to lower; to reduce","","エアコンの温度（おんど）を少し低（ひく）めてください。","Please lower the air conditioner temperature a little.","","4","","","まなぼう！日本語中上級"
"駆けつける","かけつける","to rush to; to hurry to","","知らせを聞いてすぐに病院（びょういん）へ駆（か）けつけた。","I rushed to the hospital as soon as I heard the news.","4","","","まなぼう！日本語中上級",""
"行方不明","ゆくえふめい","missing; whereabouts unknown","","その犬（いぬ）は三日間（みっかかん）行方（ゆくえ）不明（ふめい）です。","The dog has been missing for three days.","4","","","まなぼう！日本語中上級",""
"～省","～しょう","ministry; government ministry","","父は法務省（ほうむしょう）で働（はたら）いています。","My father works at the Ministry of Justice.","4","","","まなぼう！日本語中上級",""
"気配り","きくばり","consideration; thoughtfulness","","彼女（かのじょ）は気配（きくば）りができる人（ひと）です。","She is a very considerate person.","4","","","まなぼう！日本語中上級",""
"貢献","こうけん","contribution; service","","社会（しゃかい）に貢献（こうけん）したいです。","I want to contribute to society.","4","","","まなぼう！日本語中上級",""
"本場","ほんば","the authentic place; home of something","","本場（ほんば）のラーメンを食べました。","I ate authentic ramen.","4","","","まなぼう！日本語中上級",""
"色づく","いろづく","to change color; to become colored","","山（やま）の木々（きぎ）が赤（あか）く色（いろ）づいてきました。","The trees in the mountains are beginning to change color.","4","","","まなぼう！日本語中上級",""
"人望","じんぼう","popularity; respect; trust from others","","彼は人望（じんぼう）の厚（あつ）い社長（しゃちょう）です。","He is a company president who is highly respected.","4","","","まなぼう！日本語中上級",""
"発想","はっそう","idea; way of thinking","","彼の発想（はっそう）はとても面白（おもしろ）いです。","His ideas are very interesting.","4","","","まなぼう！日本語中上級",""
"南国","なんごく","tropical country; southern country","","南国（なんごく）で休暇（きゅうか）を過（す）ごしたいです。","I want to spend my vacation in a tropical country.","4","","","まなぼう！日本語中上級",""
"満喫","まんきつ","to enjoy to the fullest","","日本（にほん）旅行（りょこう）を満喫（まんきつ）しました。","I thoroughly enjoyed my trip to Japan.","4","","","まなぼう！日本語中上級",""
"疑問","ぎもん","question; doubt","","その説明（せつめい）には少し疑問（ぎもん）があります。","I have some doubts about that explanation.","4","","","まなぼう！日本語中上級",""
"マイナス","マイナス","minus; negative","","今日（きょう）は気温（きおん）がマイナス五度（ごど）です。","Today the temperature is minus five degrees.","4","","","まなぼう！日本語中上級",""
"爪","つめ","fingernail; nail","","爪（つめ）を短（みじか）く切（き）りました。","I cut my nails short.","4","","","まなぼう！日本語中上級",""
"死に目","しにめ","one's last moments before death","","祖父（そふ）の死（し）に目（め）に会（あ）えませんでした。","I couldn't be with my grandfather in his final moments.","4","","","まなぼう！日本語中上級",""
"お化け","おばけ","ghost; monster","","子ども（こども）はお化（ばけ）けを怖（こわ）がっています。","The child is afraid of ghosts.","4","","","まなぼう！日本語中上級",""
"北枕","きたまくら","sleeping with one's head facing north","","祖母（そぼ）は北枕（きたまくら）を嫌（いや）がります。","My grandmother dislikes sleeping with her head facing north.","4","","","まなぼう！日本語中上級",""
"横切る","よこぎる","to cross; to cut across","","猫（ねこ）が道（みち）を横（よこ）切（ぎ）りました。","A cat crossed the road.","4","","","まなぼう！日本語中上級",""
"不吉な","ふきつな","ominous; unlucky","","それは不吉（ふきつ）な知（し）らせでした。","That was an ominous piece of news.","4","","","まなぼう！日本語中上級",""
"食い合わせ","くいあわせ","incompatible food combination","","食（く）い合（あ）わせが悪（わる）いと言（い）われています。","They say those foods are a bad combination.","4","","","まなぼう！日本語中上級",""
"かき氷","かきごおり","shaved ice","","夏（なつ）はかき氷（こおり）がおいしいです。","Shaved ice is delicious in the summer.","4","","","まなぼう！日本語中上級",""
"プラス","プラス","plus; positive","","この経験（けいけん）はプラスになるでしょう。","This experience will be a positive for you.","4","","","まなぼう！日本語中上級",""
"茶柱","ちゃばしら","tea stem standing upright in tea (lucky sign)","","茶柱（ちゃばしら）が立（た）つと縁起（えんぎ）がいいと言（い）われています。","People say it's lucky if a tea stem stands upright.","4","","","まなぼう！日本語中上級",""
"皮","かわ","skin; peel; rind","","りんごの皮（かわ）をむきました。","I peeled the apple.","4","","","まなぼう！日本語中上級",""
"手のひら","てのひら","palm of the hand","","手（て）のひらに名前（なまえ）を書（か）きました。","I wrote my name on the palm of my hand.","4","","","まなぼう！日本語中上級",""
"賽銭","さいせん","offering money at a shrine","","神社（じんじゃ）で賽銭（さいせん）を入（い）れました。","I put an offering into the shrine donation box.","4","","","まなぼう！日本語中上級",""
"ご縁","ごえん","fate; connection; relationship","","ご縁（えん）があって日本（にほん）に来（き）ました。","Thanks to a fortunate connection, I came to Japan.","4","","","まなぼう！日本語中上級",""
"重々","じゅうじゅう","seriously; well; fully","","重（じゅう）々（じゅう）承知（しょうち）しています。","I fully understand.","4","","","まなぼう！日本語中上級",""
"同居","どうきょ","living together","","祖父（そふ）母（ぼ）と同居（どうきょ）しています。","I live with my grandparents.","4","","","まなぼう！日本語中上級",""
"別居","べっきょ","living separately","","両親（りょうしん）は現在（げんざい）別居（べっきょ）しています。","My parents are currently living separately.","4","","","まなぼう！日本語中上級",""
"節分","せつぶん","Setsubun festival","","節分（せつぶん）に豆（まめ）まきをしました。","We threw beans on Setsubun.","4","","","まなぼう！日本語中上級",""
"ひな祭り","ひなまつり","Hinamatsuri; Doll Festival","","ひな祭（まつ）りにはひな人形（にんぎょう）を飾（かざ）ります。","People display dolls for Hinamatsuri.","4","","","まなぼう！日本語中上級",""
"端午の節句","たんごのせっく","Boys' Day; Tango Festival","","端午（たんご）の節句（せっく）にはこいのぼりを飾（かざ）ります。","People display carp streamers on Boys' Day.","4","","","まなぼう！日本語中上級",""
"七夕","たなばた","Tanabata Star Festival","","七夕（たなばた）に願（ねが）い事（ごと）を書（か）きました。","I wrote a wish for Tanabata.","4","","","まなぼう！日本語中上級",""
"敬老の日","けいろうのひ","Respect for the Aged Day","","敬老（けいろう）の日（ひ）に祖父（そふ）母（ぼ）へプレゼントを送（おく）りました。","I sent my grandparents a present on Respect for the Aged Day.","4","","","まなぼう！日本語中上級",""
"学芸会","がくげいかい","school performance; school arts festival","","娘（むすめ）は学芸会（がくげいかい）で歌（うた）いました。","My daughter sang at the school performance.","4","","","まなぼう！日本語中上級",""
"該当","がいとう","applicable; corresponding","","私（わたし）はその条件（じょうけん）に該当（がいとう）します。","I meet those requirements.","4","","","まなぼう！日本語中上級",""
"～順","～じゅん","order; sequence","","名前（なまえ）順（じゅん）に並（なら）んでください。","Please line up in alphabetical/name order.","4","","","まなぼう！日本語中上級",""
"次ぐ","つぐ","to come next; to rank after","","東京（とうきょう）に次（つ）ぐ大都市（だいとし）です。","It is the largest city after Tokyo.","4","","","まなぼう！日本語中上級",""
"反映","はんえい","reflection; to reflect","","皆（みな）さんの意見（いけん）を計画（けいかく）に反映（はんえい）しました。","We reflected everyone's opinions in the plan.","4","","","まなぼう！日本語中上級",""
"止まる","とどまる","to stay; to remain","","被害（ひがい）は最小限（さいしょうげん）にとどまりました。","The damage remained minimal.","4","","","まなぼう！日本語中上級",""
"過ごす","すごす","to spend (time)","","家族（かぞく）と楽（たの）しい時間（じかん）を過（す）ごしました。","I spent enjoyable time with my family.","4","","","まなぼう！日本語中上級",""
"相場","そうば","market price; going rate","","相場（そうば）より安（やす）く買（か）えました。","I bought it for less than the market price.","4","","","まなぼう！日本語中上級",""
"高め","たかめ","rather high; on the high side","","今日（きょう）は気温（きおん）が高（たか）めです。","The temperature is a little high today.","4","","","まなぼう！日本語中上級",""
"名古屋","なごや","Nagoya","","名古屋（なごや）はみそカツで有名（ゆうめい）です。","Nagoya is famous for miso katsu.","4","","","まなぼう！日本語中上級",""
"中部","ちゅうぶ","Chubu region","","中部（ちゅうぶ）地方（ちほう）を旅行（りょこう）しました。","I traveled around the Chubu region.","4","","","まなぼう！日本語中上級",""
"式を挙げる","しきをあげる","to hold a wedding ceremony","","来年（らいねん）結婚式（けっこんしき）を挙（あ）げます。","We will have our wedding ceremony next year.","4","","","まなぼう！日本語中上級",""
"新婦","しんぷ","bride","","新婦（しんぷ）はとてもきれいでした。","The bride was very beautiful.","4","","","まなぼう！日本語中上級",""
"多め","おおめ","a little more; extra","","今日（きょう）はご飯（はん）を多（おお）めによそってください。","Please serve me a little extra rice today.","4","","","まなぼう！日本語中上級",""
"偶数","ぐうすう","even number","","8は偶数（ぐうすう）です。","Eight is an even number.","4","","","まなぼう！日本語中上級",""
"金額","きんがく","amount of money","","金額（きんがく）を確認（かくにん）してください。","Please check the amount.","4","","","まなぼう！日本語中上級",""
"暗示","あんじ","suggestion; implication; hint","","その夢（ゆめ）は何（なに）かを暗示（あんじ）しているかもしれません。","That dream may be hinting at something.","4","","","まなぼう！日本語中上級",""
"避ける","さける","to avoid","","危険（きけん）な場所（ばしょ）は避（さ）けてください。","Please avoid dangerous places.","4","","","まなぼう！日本語中上級",""
"しきたり","しきたり","custom; tradition","","その地域（ちいき）には古（ふる）いしきたりがあります。","That region has old customs.","4","","","まなぼう！日本語中上級",""
"脅す","おどす","to threaten; to frighten","","弟（おとうと）を脅（おど）してはいけません。","Don't threaten your younger brother.","4","","","まなぼう！日本語中上級",""
"いとこ","いとこ","cousin","","いとこと久（ひさ）しぶりに会（あ）いました。","I met my cousin for the first time in a long time.","4","","","まなぼう！日本語中上級",""
"甥","おい","nephew","","甥（おい）は今年（ことし）小学校（しょうがっこう）に入（い）りました。","My nephew started elementary school this year.","4","","","まなぼう！日本語中上級",""
"姪","めい","niece","","姪（めい）に誕生日（たんじょうび）プレゼントを送（おく）りました。","I sent my niece a birthday present.","4","","","まなぼう！日本語中上級",""
"要は","ようは","in short; the point is","","要（よう）は毎日（まいにち）続（つづ）けることが大切（たいせつ）です。","The point is that it's important to keep doing it every day.","4","","","まなぼう！日本語中上級",""
"祝儀袋","しゅうぎぶくろ","decorative envelope for gift money","","祝儀（しゅうぎ）袋（ぶくろ）にお金（かね）を入（い）れました。","I put the money into the gift envelope.","4","","","まなぼう！日本語中上級",""
"葬式","そうしき","funeral","","昨日（きのう）は親戚（しんせき）の葬式（そうしき）に出（で）ました。","Yesterday I attended a relative's funeral.","4","","","まなぼう！日本語中上級",""
"紅白","こうはく","red and white","","紅白（こうはく）の幕（まく）が飾（かざ）られていました。","Red and white curtains were displayed.","4","","","まなぼう！日本語中上級",""
"蝶結び","ちょうむすび","bow knot","","ひもを蝶結（ちょうむす）びにしてください。","Please tie the string in a bow.","4","","","まなぼう！日本語中上級",""
"引っ張る","ひっぱる","to pull","","ドアを引（ひ）っ張（ぱ）って開（あ）けてください。","Please pull the door open.","4","","","まなぼう！日本語中上級",""
"解ける","ほどける","to come undone; to become untied","","靴（くつ）ひもがほどけました。","My shoelace came untied.","4","","","まなぼう！日本語中上級",""
"世間知らず","せけんしらず","naive; inexperienced about society","","彼（かれ）は少（すこ）し世間知（せけんし）らずです。","He is a bit naive.","4","","","まなぼう！日本語中上級",""
"無難な","ぶなんな","safe; inoffensive","","無難（ぶなん）な色（いろ）を選（えら）びました。","I chose a safe color.","4","","","まなぼう！日本語中上級",""
"見合う","みあう","to match; to be appropriate for","","努力（どりょく）に見（み）合（あ）う結果（けっか）でした。","The results matched the effort.","4","","","まなぼう！日本語中上級",""
"帰宅","きたく","to return home","","昨日（きのう）は帰宅（きたく）が遅（おそ）くなりました。","I got home late yesterday.","4","","","まなぼう！日本語中上級",""
"カルチャースクール","カルチャースクール","culture school; community class","","母（はは）はカルチャースクールで料理（りょうり）を習（なら）っています。","My mother takes cooking classes at a culture school.","4","","","まなぼう！日本語中上級",""
"恐怖","きょうふ","fear; terror","","高（たか）い所（ところ）に恐怖（きょうふ）を感（かん）じます。","I feel fear when I'm in high places.","4","","","まなぼう！日本語中上級",""
"伝説","でんせつ","legend","","その山（やま）には古（ふる）い伝説（でんせつ）があります。","There is an old legend about that mountain.","4","","","まなぼう！日本語中上級",""
"仏教","ぶっきょう","Buddhism","","日本（にほん）では仏教（ぶっきょう）を信仰（しんこう）する人（ひと）も多いです。","Many people in Japan practice Buddhism.","4","","","まなぼう！日本語中上級",""
"おきて","おきて","rule; code; law","","村（むら）には昔（むかし）からのおきてがあります。","The village has an old traditional code.","4","","","まなぼう！日本語中上級",""
"罰する","ばっする","to punish","","法律（ほうりつ）に従（したが）って罰（ばっ）されます。","They will be punished according to the law.","4","","","まなぼう！日本語中上級",""
"埋める","うめる","to bury; to fill","","穴（あな）を土（つち）で埋（う）めました。","I filled the hole with dirt.","4","","","まなぼう！日本語中上級",""
"挟む","はさむ","to pinch; to put between","","本（ほん）にしおりを挟（はさ）みました。","I put a bookmark in the book.","4","","","まなぼう！日本語中上級",""
"由来","ゆらい","origin; history","","この名前（なまえ）の由来（ゆらい）を知（し）っていますか。","Do you know the origin of this name?","4","","","まなぼう！日本語中上級",""
"火葬","かそう","cremation","","日本（にほん）では火葬（かそう）が一般的（いっぱんてき）です。","Cremation is common in Japan.","4","","","まなぼう！日本語中上級",""
"骨","ほね","bone","","魚（さかな）の骨（ほね）に気（き）をつけてください。","Be careful of the fish bones.","4","","","まなぼう！日本語中上級",""
"遺族","いぞく","the bereaved family","","遺族（いぞく）にお悔（くや）やみを伝（つた）えました。","I offered my condolences to the bereaved family.","4","","","まなぼう！日本語中上級",""
"容器","ようき","container","","容器（ようき）に水（みず）を入（い）れてください。","Please put water into the container.","4","","","まなぼう！日本語中上級",""
"納める","おさめる","to pay; to store; to dedicate","","税金（ぜいきん）を納（おさ）めました。","I paid my taxes.","4","","","まなぼう！日本語中上級",""
"古来","こらい","from ancient times","","この祭（まつ）りは古来（こらい）続（つづ）いています。","This festival has continued since ancient times.","4","","","まなぼう！日本語中上級",""
"知恵","ちえ","wisdom; ingenuity","","昔（むかし）の人（ひと）の知恵（ちえ）に驚（おどろ）きました。","I was impressed by the wisdom of people in the past.","4","","","まなぼう！日本語中上級",""
"弊害","へいがい","harmful effect; negative consequence","","便利（べんり）さには弊害（へいがい）もあります。","Convenience also has its drawbacks.","4","","","まなぼう！日本語中上級",""
"縁の下","えんのした","under the floor; behind the scenes","","彼（かれ）は縁（えん）の下（した）の力持（ちからもち）ちです。","He is an unsung hero.","4","","","まなぼう！日本語中上級",""
"生える","はえる","to grow; to sprout","","庭（にわ）に草（くさ）が生（は）えています。","Grass is growing in the yard.","4","","","まなぼう！日本語中上級",""
"合理的な","ごうりてきな","rational; logical","","合理的（ごうりてき）な考（かんが）え方（かた）ですね。","That's a rational way of thinking.","4","","","まなぼう！日本語中上級",""
"ものもらい","ものもらい","stye (eye infection)","","ものもらいができてしまいました。","I got a stye on my eye.","4","","","まなぼう！日本語中上級",""
"小豆","あずき","adzuki beans","","小豆（あずき）であんこを作（つく）ります。","Adzuki beans are used to make sweet bean paste.","4","","","まなぼう！日本語中上級",""
"おまじない","おまじない","charm; magic spell; good luck ritual","","子ども（こども）がおまじないを信（しん）じています。","The child believes in lucky charms.","4","","","まなぼう！日本語中上級",""
"分別","ふんべつ","good judgment; discretion","","分別（ふんべつ）のある行動（こうどう）をしてください。","Please act with good judgment.","4","","","まなぼう！日本語中上級",""
"勧め","すすめ","recommendation; advice","","先生（せんせい）の勧（すす）めでこの本（ほん）を読（よ）みました。","I read this book on my teacher's recommendation.","4","","","まなぼう！日本語中上級",""
"～以内","～いない","within (a time or amount)","","三日（みっか）以内（いない）に返事（へんじ）をください。","Please reply within three days.","4","","","まなぼう！日本語中上級",""
"目薬","めぐすり","eye drops","","目薬（めぐすり）をさしてから寝（ね）ました。","I used eye drops before going to bed.","4","","","まなぼう！日本語中上級",""
"放る","ほうる","to throw; to toss","","使（つか）わない紙（かみ）はごみ箱（ばこ）に放（ほう）ってください。","Please throw the unused paper into the trash.","4","","","まなぼう！日本語中上級",""
"眼科","がんか","ophthalmology; eye clinic","","目（め）が痛（いた）いので眼科（がんか）へ行（い）きました。","My eyes hurt, so I went to the eye clinic.","4","","","まなぼう！日本語中上級",""
"～以来","～いらい","since","","卒業（そつぎょう）以来（いらい）会（あ）っていません。","I haven't seen him since graduation.","4","","","まなぼう！日本語中上級",""
"儀式","ぎしき","ceremony; ritual","","結婚式（けっこんしき）の儀式（ぎしき）が始（はじ）まりました。","The wedding ceremony began.","4","","","まなぼう！日本語中上級",""
"気遣い","きづかい","consideration; concern","","温（あたた）かい気遣（きづか）いをありがとうございます。","Thank you for your thoughtful consideration.","4","","","まなぼう！日本語中上級",""
"決まりごと","きまりごと","rule; custom","","学校（がっこう）の決（き）まりごとを守（まも）りましょう。","Let's follow the school's rules.","4","","","まなぼう！日本語中上級",""
"入院","にゅういん","hospitalization; being admitted to a hospital","","祖父（そふ）は一週間（いっしゅうかん）入院（にゅういん）しました。","My grandfather was hospitalized for a week.","4","","","まなぼう！日本語中上級",""
"鉢植え","はちうえ","potted plant","","窓辺（まどべ）に鉢植（はちう）えを置（お）いています。","I keep a potted plant by the window.","4","","","まなぼう！日本語中上級",""
"根付く","ねづく","to take root; to become established","","この文化（ぶんか）は日本（にほん）に根付（ねづ）いています。","This culture has become established in Japan.","4","","","まなぼう！日本語中上級",""
"寝付く","ねつく","to fall asleep","","昨夜（さくや）はなかなか寝付（ねつ）けませんでした。","I couldn't fall asleep easily last night.","4","","","まなぼう！日本語中上級",""
"長引く","ながびく","to drag on; to last a long time","","風邪（かぜ）が長引（ながび）いています。","My cold is dragging on.","4","","","まなぼう！日本語中上級",""
"連想","れんそう","association","","その写真（しゃしん）を見（み）ると子ども（こども）のころを連想（れんそう）します。","That picture reminds me of my childhood.","4","","","まなぼう！日本語中上級",""
"縁起","えんぎ","good omen; luck","","縁起（えんぎ）がいいと言（い）われています。","It is said to bring good luck.","4","","","まなぼう！日本語中上級",""
"単に","たんに","simply; merely","","単（たん）に興味（きょうみ）があっただけです。","I was simply interested.","4","","","まなぼう！日本語中上級",""
"語呂合わせ","ごろあわせ","mnemonic; wordplay based on sound","","語呂（ごろ）合（あ）わせで電話番号（でんわばんごう）を覚（おぼ）えました。","I memorized the phone number using a mnemonic.","4","","","まなぼう！日本語中上級",""
"言い伝え","いいつたえ","legend; folk belief; tradition","","昔（むかし）からの言（い）い伝（つた）えがあります。","There is a legend that has been passed down for generations.","4","","","まなぼう！日本語中上級",""
"思いやり","おもいやり","thoughtfulness; compassion","","思（おも）いやりのある人（ひと）になりたいです。","I want to become a compassionate person.","4","","","まなぼう！日本語中上級",""
"迷信","めいしん","superstition","","迷信（めいしん）を信（しん）じる人（ひと）もいます。","Some people believe in superstitions.","4","","","まなぼう！日本語中上級",""
"丙午","ひのえうま","Fire Horse year (Chinese zodiac)","","丙午（ひのえうま）の年（とし）にはさまざまな迷信（めいしん）があります。","There are various superstitions about the Fire Horse year.","4","","","まなぼう！日本語中上級",""
"当たる","あたる","to be correct; to hit; to win","","天気予報（てんきよほう）が当（あ）たりました。","The weather forecast was correct.","4","","","まなぼう！日本語中上級",""
"気性","きしょう","temperament; disposition","","彼（かれ）は穏（おだ）やかな気性（きしょう）の持（もち）ち主（ぬし）です。","He has a calm temperament.","4","","","まなぼう！日本語中上級",""
"縮める","ちぢめる","to shorten; to shrink","","ズボンの丈（たけ）を縮（ちぢ）めてもらいました。","I had the length of my pants shortened.","4","","","まなぼう！日本語中上級",""
"～中期","～ちゅうき","mid-; middle period","","江戸時代（えどじだい）中期（ちゅうき）の作品（さくひん）です。","It is a work from the middle Edo period.","4","","","まなぼう！日本語中上級",""
"間引き","まびき","thinning out (plants); culling","","野菜（やさい）を育（そだ）てるために間（ま）引（ひ）きをしました。","I thinned the seedlings so the vegetables would grow better.","4","","","まなぼう！日本語中上級",""
"及ぼす","およぼす","to exert; to have an effect on","","健康（けんこう）に悪（わる）い影響（えいきょう）を及（およ）ぼします。","It has a negative effect on your health.","4","","","まなぼう！日本語中上級",""
"授かる","さずかる","to be blessed with; to receive","","私（わたし）たちは元気（げんき）な赤（あか）ちゃんを授（さず）かりました。","We were blessed with a healthy baby.","4","","","まなぼう！日本語中上級",""
"百害あって一利なし","ひゃくがいあっていちりなし","nothing but harm; no benefit whatsoever","","たばこは百害（ひゃくがい）あって一利（いちり）なしと言（い）われています。","People say smoking does nothing but harm.","4","","","まなぼう！日本語中上級",""
"風習","ふうしゅう","custom; folkway","","地域（ちいき）ごとに風習（ふうしゅう）が異（こと）なります。","Customs differ from region to region.","4","","","まなぼう！日本語中上級",""
"年中行事","ねんじゅうぎょうじ","annual events; yearly traditions","","日本（にほん）にはさまざまな年中行事（ねんじゅうぎょうじ）があります。","Japan has many annual traditions.","4","","","まなぼう！日本語中上級",""
"伝承","でんしょう","tradition; oral tradition; folklore","","この話（はなし）は伝承（でんしょう）として語（かた）り継（つ）がれています。","This story has been passed down as folklore.","4","","","まなぼう！日本語中上級",""
"喜ばしい","よろこばしい","joyful; welcome; pleasing","","喜（よろこ）ばしい知（し）らせが届（とど）きました。","Some welcome news arrived.","4","","","まなぼう！日本語中上級",""
"まぶた","まぶた","eyelid","","まぶたが少（すこ）し腫（は）れています。","My eyelid is a little swollen.","4","","","まなぼう！日本語中上級",""
"異なる","ことなる","to differ; to be different","","文化（ぶんか）によって考（かんが）え方（かた）は異（こと）なります。","Ways of thinking differ depending on the culture.","4","","","まなぼう！日本語中上級",""
"古代","こだい","ancient times; antiquity","","古代（こだい）の歴史（れきし）を勉強（べんきょう）しています。","I am studying ancient history.","4","","","まなぼう！日本語中上級",""
"干支","えと","Chinese zodiac","","今年（ことし）の干支（えと）は午（うま）です。","This year's zodiac sign is the Horse.","4","","","まなぼう！日本語中上級",""
"十二支","じゅうにし","the twelve zodiac animals","","十二支（じゅうにし）を全部（ぜんぶ）言（い）えますか。","Can you name all twelve zodiac animals?","4","","","まなぼう！日本語中上級",""
"慣習","かんしゅう","custom; convention","","その慣習（かんしゅう）は今（いま）でも残（のこ）っています。","That custom still remains today.","4","","","まなぼう！日本語中上級",""